S.no,Constituency,Party,Majority,latitude,longitude
1,Andaman & Nicobar Islands,INC,"1,407",10.2188344,92.5771329
1,Araku,YCP,"2,24,089",18.3329216,82.8652583
2,Srikakulam,Other,"6,653",18.32002205,83.9160772
3,Vizianagaram,YCP,"48,036",18.1120819,83.40521962
4,Visakhapatnam,YCP,"4,414",17.7231276,83.3012842
5,Anakapalli,YCP,"89,192",17.6858653,82.9884187
6,Kakinada,YCP,"25,738",16.9437385,82.2350607
7,Amalapuram,YCP,"39,966",16.57950675,81.99732471
8,Rajahmundry,YCP,"1,21,634",17.0050454,81.7804732
9,Narasapuram,YCP,"31,909",16.4386275,81.7015011
10,Eluru,YCP,"1,65,925",16.67613485,81.17086824
11,Machilipatnam,YCP,"60,141",16.1819393,81.1351299
12,Vijayawada,Other,"8,726",16.5087586,80.6185102
13,Guntur,Other,"4,205",16.2915189,80.4541588
14,Narasaraopet,YCP,"1,53,978",16.2389242,80.0472879
15,Bapatla,YCP,"16,065",15.9052608,80.4680501
16,Ongole,YCP,"2,14,851",15.5075545,80.06078519
17,Nandyal,YCP,"2,50,119",15.47537735,78.47855757
18,Kurnool,YCP,"1,48,889",15.8309251,78.0425373
19,Anantapur,YCP,"1,41,428",14.6546235,77.55625984
20,Hindupur,YCP,"1,40,748",13.826383,77.4937723
21,Kadapa,YCP,"3,80,976",14.4752936,78.8216861
22,Nellore,YCP,"1,48,571",14.4493717,79.9873763
23,Tirupati,YCP,"2,28,376",13.6316368,79.4231711
24,Rajampet,YCP,"2,68,284",14.200322,79.11028622
25,Chittoor,YCP,"1,37,271",13.1601048,79.15555062
1,Arunachal West,BJP,"1,74,843",27.6891712,96.4597226
2,Arunachal East,BJP,"69,948",27.6891712,96.4597226
1,Karimganj,BJP,"38,389",24.8483482,92.33221292
2,Silchar,BJP,"81,596",24.8178611,92.75622075
3,Autonomous District,BJP,"2,39,626",22.5299705,92.90378493
4,Dhubri,AIUDF,"2,26,258",26.01894625,89.94188952
5,Kokrajhar,I,"37,786",26.58687695,90.29293105
6,Barpeta,INC,"1,40,307",26.34142215,91.01674328
7,Gauhati,BJP,"3,45,606",26.1805978,91.753943
8,Mangaldoi,BJP,"1,38,545",26.4853336,92.04490249
9,Tezpur,BJP,"2,42,841",26.61695705,92.76500717
10,Nowgong,INC,"16,752",26.133333,92.666667
11,Kaliabor,INC,"2,09,994",26.5493378,92.98563014
12,Jorhat,BJP,"82,653",26.7577925,94.2079645
13,Dibrugarh,BJP,"3,64,566",27.4844597,94.9019447
14,Lakhimpur,BJP,"3,50,551",27.98506015,80.75384538
1,Valmiki Nagar,JDU,"3,54,616",19.0652106,72.8552738
2,Paschim Champaran,BJP,"2,93,906",26.7967626,84.5007513
3,Purvi Champaran,BJP,"2,93,648",26.6098,84.8568
4,Sheohar,JDU,"3,40,360",26.49436945,85.2728056
5,Sitamarhi,JDU,"2,50,539",26.5876547,85.5056744
6,Madhubani,BJP,"4,54,940",26.350072,86.22914689
7,Jhanjharpur,JDU,"3,22,951",26.287153,86.34039252
8,Supaul,JDU,"2,66,853",26.2768118,86.79658663
9,Araria,BJP,"1,37,241",26.26498795,87.37162648
10,Kishanganj,INC,"34,466",26.29863795,87.95314811
11,Katihar,JDU,"57,203",25.56090035,87.64765354
12,Purnia,JDU,"2,63,461",25.7773601,87.4731227
13,Madhepura,JDU,"3,01,527",25.9259562,86.82042961
14,Darbhanga,BJP,"2,67,979",26.08314325,86.03257097
15,Muzaffarpur,BJP,"4,09,988",26.1486581,85.34001282
16,Vaishali,LJP,"2,34,584",25.75,85.416667
17,Gopalganj,JDU,"2,86,434",26.4207265,84.37406407
18,Siwan,JDU,"1,16,958",26.1310043,84.39125661
19,Maharajganj,BJP,"2,30,772",27.09254225,83.56696261
20,Saran,BJP,"1,38,429",25.90835495,84.78074761
21,Hajipur,LJP,"2,05,449",25.7205805,85.25555961
22,Ujiarpur,BJP,"2,77,278",25.7590443,85.81711836
23,Samastipur,LJP,"2,51,643",25.7744929,85.86626813
24,Begusarai,BJP,"4,22,217",25.5127194,86.09057109
25,Khagaria,LJP,"2,48,570",25.4916868,86.69910848
26,Bhagalpur,JDU,"2,77,630",25.28669805,87.13225355
27,Banka,JDU,"2,00,532",24.8655681,86.87278642
28,Munger,JDU,"1,67,937",25.22081165,86.51720367
29,Nalanda,JDU,"2,56,137",25.1364914,85.44365465
30,Patna Sahib,BJP,"2,84,657",25.585981,85.2306042
31,Pataliputra,BJP,"39,321",13.2780619,78.0427444
32,Arrah,BJP,"1,47,285",25.62345725,84.59683869
33,Buxar,BJP,"1,17,609",25.5620715,84.01567205
34,Sasaram,BJP,"1,65,745",24.9001003,84.01821107
35,Karakat,JDU,"84,542",25.1697215,84.2974162
36,Jahanabad,JDU,"1,751",25.2420022,85.0206457
37,Aurangabad,BJP,"72,607",19.877263,75.3390241
38,Gaya,JDU,"1,52,426",24.7964355,85.0079563
39,Nawada,LJP,"1,48,072",24.818124,85.51855623
40,Jamui,LJP,"2,41,049",24.96785205,86.17351147
1,Chandigarh,BJP,"46,970",30.7194022,76.7646552
1,Sarguja,BJP,"1,57,873",22.9494,83.1649
2,Raigarh,BJP,"66,027",22.5,83.5
3,Janjgir-Champa,BJP,"83,255",21.9671264,82.66472425
4,Korba,INC,"26,349",22.51976955,82.62951462
5,Bilaspur,BJP,"1,41,763",28.8680526,79.29838501
6,Rajnandgaon,BJP,"1,11,966",20.9727404,80.69155548
7,Durg,BJP,"3,91,978",21.19903535,81.39795456
8,Raipur,BJP,"3,48,238",21.2379469,81.6336833
9,Mahasamund,BJP,"90,511",21.1882332,82.48484762
10,Bastar,INC,"38,982",19.11912825,81.82918649
11,Kanker,BJP,"6,914",20.1270026,80.98109349
1,Dadra And Nagar Haveli,I,"9,001",20.2735169,73.0043578
1,Daman And Diu,BJP,"9,942",20.4148865,72.8334609
1,Chandni Chowk,BJP,"2,28,145",28.6559834,77.2321937
2,North East Delhi,BJP,"3,66,102",28.72330795,77.26685651
3,East Delhi,BJP,"3,91,222",28.6204767,77.30918071
4,New Delhi,BJP,"2,56,504",28.6141793,77.2022662
5,North West Delhi,BJP,"5,53,897",28.6141793,77.2022662
6,West Delhi,BJP,"5,78,486",28.6479519,77.08556541
7,South Delhi,BJP,"3,67,043",28.4851694,77.19637972
1,North Goa,BJP,"80,247",15.60444125,74.00172406
2,South Goa,INC,"9,755",15.21961365,74.1152813
1,Kachchh,BJP,"3,05,513",23.583333,70
2,Banaskantha,BJP,"3,68,296",24.172056,72.431134
3,Patan,BJP,"1,93,879",23.77405735,71.68373466
4,Mahesana,BJP,"2,81,519",23.666667,72.5
5,Sabarkantha,BJP,"2,68,987",24.0294885,73.0459884
6,Gandhinagar,BJP,"5,57,014",23.2232877,72.6492267
7,Ahmedabad East,BJP,"4,34,330",23.0216238,72.5797068
8,Ahmedabad West,BJP,"3,21,546",23.0216238,72.5797068
9,Surendranagar,BJP,"2,77,437",22.75,71.666667
10,Rajkot,BJP,"3,68,407",22.3051991,70.8028335
11,Porbandar,BJP,"2,29,823",21.6409,69.611
12,Jamnagar,BJP,"2,36,804",22.4732415,70.0552102
13,Junagadh,BJP,"1,50,185",21.5185589,70.45917212
14,Amreli,BJP,"2,01,431",20.866667,70.75
15,Bhavnagar,BJP,"3,29,519",21.7718836,72.1416449
16,Anand,BJP,"1,97,718",22.5584995,72.9625629
17,Kheda,BJP,"3,67,145",22.75,72.833333
18,Panchmahal,BJP,"4,28,541",28.6271026,77.31016494
19,Dahod,BJP,"1,27,596",22.8358542,74.2556782
20,Vadodara,BJP,"5,89,177",22.2973142,73.1942567
21,Chhota Udaipur,BJP,"3,77,943",22.3048651,74.0126114
22,Bharuch,BJP,"3,34,214",21.75,73
23,Bardoli,BJP,"2,15,447",21.1220023,73.1135988
24,Surat,BJP,"5,48,230",21.1864607,72.8081281
25,Navsari,BJP,"6,89,668",20.952407,72.9323831
26,Valsad,BJP,"3,53,797",20.4324018,73.14117156
1,Ambala,BJP,"3,42,345",30.3843674,76.770421
2,Kurukshetra,BJP,"3,84,591",29.9693747,76.8482787
3,Sirsa,BJP,"3,09,918",29.583333,75.083333
4,Hisar,BJP,"3,14,068",29.168807,75.7461103
5,Karnal,BJP,"6,56,142",29.6803266,76.9896254
6,Sonipat,BJP,"1,64,864",29.0033144,77.0167323
7,Rohtak,BJP,"7,503",28.9010899,76.5801935
8,BhiwaniMahendragarh,BJP,"4,44,463",28.2734,76.1401
9,Gurgaon,BJP,"3,86,256",28.42826235,77.00270015
10,Faridabad,BJP,"6,38,239",28.402837,77.3085626
1,Kangra,BJP,"4,77,623",32.166667,76.25
2,Mandi,BJP,"4,05,459",33.8688299,74.31880473
3,Hamirpur,BJP,"3,99,572",25.75,80
4,Shimla,BJP,"3,27,515",31.1041526,77.1709729
1,Baramulla,Other,"30,758",34.20500565,74.36221081
2,Srinagar,Other,"70,050",34.0747444,74.8204443
3,Anantnag,Other,"6,676",33.74610995,75.18544753
4,Ladakh,BJP,"10,930",33.9456407,77.6568576
5,Udhampur,BJP,"3,57,252",33,75.166667
6,Jammu,BJP,"3,02,875",32.7185614,74.8580917
1,Rajmahal,Other,"99,195",24.9911245,87.82892528
2,Dumka,BJP,"47,590",24.2538512,87.30064714
3,Godda,BJP,"1,84,227",24.74334305,87.29285062
4,Chatra,BJP,"3,77,871",24.20162495,84.87817692
5,Kodarma,BJP,"4,55,600",24.54215575,85.69323966
6,Giridih,Other,"2,48,347",24.25,85.916667
7,Dhanbad,BJP,"4,86,194",23.7952809,86.4309638
8,Ranchi,BJP,"2,83,026",23.3700354,85.3250132
9,Jamshedpur,BJP,"3,02,090",22.8015194,86.2029579
10,Singhbhum,INC,"72,155",22.5,85.5
11,Khunti,BJP,"1,445",23.10018105,85.34545936
12,Lohardaga,BJP,"10,363",23.46920055,84.73568423
13,Palamau,BJP,"4,77,606",23.68172835,84.13918442
14,Hazaribagh,BJP,"4,79,548",23.9675151,85.43884569
1,Chikkodi,BJP,"1,18,877",16.4265276,74.5861323
2,Belgaum,BJP,"3,91,304",15.8572666,74.5069343
3,Bagalkot,BJP,"1,68,187",16.1853166,75.6967919
4,Bijapur,BJP,"2,58,038",18.76904135,80.74151193
5,Gulbarga,BJP,"95,452",17.166667,77.083333
6,Raichur,BJP,"1,17,716",16.083333,77.166667
7,Bidar,BJP,"1,16,834",18.083333,77.333333
8,Koppal,BJP,"38,397",15.3484144,76.1547421
9,Bellary,BJP,"55,707",15.1467299,76.9125211
10,Haveri,BJP,"1,40,882",14.7874825,75.3996731
11,Dharwad,BJP,"2,05,072",15.4540505,75.0066516
12,Uttara Kannada,BJP,"4,79,649",14.72447415,74.64223734
13,Davanagere,BJP,"1,69,702",14.4661266,75.9206361
14,Shimoga,BJP,"2,23,360",13.9311723,75.569737
15,Udupi Chikmagalur,BJP,"3,49,599",13.3409,74.7421
16,Hassan,JDU,"1,41,324",13.0070817,76.0992703
17,Dakshina Kannada,BJP,"2,74,621",12.82133045,75.22767163
18,Chitradurga,BJP,"80,178",14.2266443,76.4005122
19,Tumkur,BJP,"13,339",13.3400771,77.1006208
20,Mandya,I,"1,25,876",12.5238888,76.8961961
21,Mysore,BJP,"1,38,647",12.3051828,76.6553609
22,Chamarajanagar,BJP,"1,817",11.9346006,76.9328209
23,Bangalore Rural,INC,"2,06,870",13.0010872,77.3361225
24,Bangalore North,BJP,"1,47,518",13.07284355,77.53217172
25,Bangalore Central,BJP,"70,968",12.97339325,77.61123427
26,Bangalore South,BJP,"3,31,192",12.8624679,77.56089326
27,Chikballapur,BJP,"1,82,110",13.4274405,77.7321433
28,Kolar,BJP,"2,10,021",13.1369996,78.1339606
1,Kasaragod,INC,"40,438",12.42171305,75.19044977
2,Kannur,INC,"94,559",11.8762254,75.3738043
3,Vatakara,INC,"84,663",11.59681865,75.58805091
4,Wayanad,INC,"4,31,770",11.715219,76.12690295
5,Kozhikode,INC,"85,225",11.2446144,75.7759372
6,Malappuram,Other,"2,60,153",11.10684475,76.1099551
7,Ponnani,Other,"1,93,273",10.77482195,75.97976803
8,Palakkad,INC,"11,637",10.7691989,76.6512469
9,Alathur,INC,"1,58,968",11.13473975,78.90812918
10,Thrissur,INC,"93,633",10.5256264,76.2132542
11,Chalakudy,INC,"1,32,274",10.302391,76.3215544
12,Ernakulam,INC,"1,69,153",10.0383947,76.50741452
13,Idukki,INC,"1,71,053",9.8497872,76.9797914
14,Kottayam,Other,"1,06,259",9.62857045,76.64552503
15,Alappuzha,Other,"10,474",9.48870055,76.41256411
16,Mavelikkara,INC,"61,138",9.20934285,76.58039263
17,Pathanamthitta,INC,"44,243",9.2834044,76.96066276
18,Kollam,Other,"1,48,856",8.96699645,76.8582888
19,Attingal,INC,"38,247",8.6960538,76.814869
20,Thiruvananthapuram,INC,"99,989",8.5058909,76.9570481
1,Lakshadweep,Other,823,10.8832771,72.8171069
1,Morena,BJP,"1,13,341",26.166667,77.5
2,Bhind,BJP,"1,99,885",26.5,78.75
3,Gwalior,BJP,"1,46,842",26.2037247,78.1573628
4,Guna,BJP,"1,25,549",24.5,77.5
5,Sagar,BJP,"3,05,542",23.80961225,78.75911361
6,Tikamgarh,BJP,"3,48,059",24.85450275,79.04698124
7,Damoh,BJP,"3,53,411",23.75,79.583333
8,Khajuraho,BJP,"4,92,382",24.8515132,79.9259786
9,Satna,BJP,"2,31,473",24.5,81
10,Rewa,BJP,"3,12,807",24.75926685,81.65500021
11,Sidhi,BJP,"2,86,524",24.25,82
12,Shahdol,BJP,"4,03,333",23.6522784,81.43026444
13,Jabalpur,BJP,"4,54,744",23.1608938,79.9497702
14,Mandla,BJP,"97,674",22.68536625,80.58150562
15,Balaghat,BJP,"2,42,066",21.966667,80.333333
16,Chhindwara,INC,"37,536",22.13983105,78.80964495
17,Hoshangabad,BJP,"5,53,682",22.6001502,77.92664521
18,Vidisha,BJP,"5,03,084",23.916667,78
19,Bhopal,BJP,"3,64,822",23.2530923,77.3962718
20,Rajgarh,BJP,"4,31,019",23.87167135,76.7748902
21,Dewas,BJP,"3,72,249",23,76.166667
22,Ujjain,BJP,"3,65,637",23.174597,75.7851423
23,Mandsaur,BJP,"3,76,734",24.2651306,75.38718194
24,Ratlam,BJP,"90,636",23.50195775,74.95284519
25,Dhar,BJP,"1,56,029",22.5,75.25
26,Indore,BJP,"5,47,754",22.7203616,75.8681996
27,Khargone,BJP,"2,02,510",21.8187743,75.6064577
28,Khandwa,BJP,"2,73,343",21.9778642,76.56882823
29,Betul,BJP,"3,60,241",21.8796162,77.87568125
1,Nandurbar,BJP,"95,629",21.36599895,74.28400358
2,Dhule,BJP,"2,29,243",21.13050145,74.47891181
3,Jalgaon,BJP,"4,11,617",20.84351185,75.52592659
4,Raver,BJP,"3,35,882",21.22876205,75.99841514
5,Buldhana,SS,"1,33,287",20.583333,76.416667
6,Akola,BJP,"2,75,596",20.7618624,77.19217163
7,Amravati,I,"36,951",21.15454115,77.64429618
8,Wardha,BJP,"1,87,191",20.82562315,78.6131455
9,Ramtek,SS,"1,26,783",21.3957522,79.3257474
10,Nagpur,BJP,"2,16,009",21.1498134,79.0820556
11,Bhandara-Gondiya,BJP,"1,97,394",20.9847,79.9193
12,Gadchiroli-Chimur,BJP,"77,526",19.4969,80.2769
13,Chandrapur,INC,"44,763",26.21231825,91.89620685
14,Yavatmal-Washim,SS,"1,17,939",20.1119,77.1313
15,Hingoli,SS,"2,77,856",19.54140965,77.17376601
16,Nanded,BJP,"40,148",19.09400875,77.48319215
17,Parbhani,SS,"42,199",19.29031365,76.60290343
18,Jalna,BJP,"3,32,815",19.9182328,75.86862469
19,Aurangabad,AIMM,"4,492",19.877263,75.3390241
20,Dindori,BJP,"1,98,779",20.25527235,73.80730056
21,Nashik,SS,"2,92,204",20.0112475,73.7902364
22,Palghar,SS,"88,883",19.68086385,72.82537343
23,Bhiwandi,BJP,"1,56,329",19.3625308,73.07847468
24,Kalyan,SS,"3,44,343",19.2716301,73.23586553
25,Thane,SS,"4,12,145",19.1943294,72.9701779
26,Mumbai North,BJP,"4,65,247",18.9387711,72.8353355
27,Mumbai North West,SS,"2,60,328",18.9387711,72.8353355
28,Mumbai North East,BJP,"2,26,486",18.9387711,72.8353355
29,Mumbai North Central,BJP,"1,30,005",5.4168728,100.3400144
30,Mumbai South Central,SS,"1,52,139",5.4168728,100.3400144
31,Mumbai South,SS,"1,00,067",18.9387711,72.8353355
32,Raigad,Other,"31,438",18.4928092,73.13807095
33,Maval,SS,"2,15,913",24.4317886,72.7115342
34,Pune,BJP,"3,24,628",18.521428,73.8544541
35,Baramati,Other,"1,55,774",18.21985375,74.4534054
36,Shirur,Other,"58,483",18.76109885,74.20952895
37,Ahmednagar,BJP,"2,81,474",19.1627725,74.8580243
38,Shirdi,SS,"1,20,195",19.7668121,74.4754386
39,Beed,BJP,"1,68,368",18.9904059,75.7542291
40,Osmanabad,SS,"1,27,566",18.16984395,76.11796321
41,Latur,BJP,"2,89,111",18.35146855,76.75512122
42,Solapur,BJP,"1,58,608",17.84990665,75.27632027
43,Madha,BJP,"85,764",18.0713086,75.36232813
44,Sangli,BJP,"1,64,352",16.8502534,74.5948885
45,Satara,Other,"1,26,528",17.63612885,74.29827808
46,Ratnagiri-Sindhudurg,SS,"1,78,322",16.9902,73.312
47,Kolhapur,SS,"2,70,568",16.7028412,74.2405329
48,Hatkanangle,SS,"96,039",16.7445098,74.37531751
1,Inner Manipur,BJP,"17,755",24.7122,93.8655
2,Outer Manipur,Other,"73,782",20.9030639,86.2210976
1,Shillong,INC,"1,52,433",25.5760446,91.8825282
2,Tura,Other,"64,030",25.517377,90.2066783
1,Mizoram,Other,"8,140",23.2146169,92.8687612
1,Nagaland,Other,"16,344",26.1630556,94.5884911
1,Bargarh,BJP,"63,939",21.3474637,83.65427922
2,Sundargarh,BJP,"2,23,065",22.25,84.5
3,Sambalpur,BJP,"9,162",21.4,83.883333
4,Keonjhar,BJD,"66,203",21.5,85.5
5,Mayurbhanj,BJP,"25,256",21.75,86.5
6,Balasore,BJP,"12,956",21.5002888,86.9202627
7,Bhadrak,BJD,"28,803",21.0633288,86.5053731
8,Jajpur,BJD,"1,01,693",20.8522696,86.3385714
9,Dhenkanal,BJD,"35,412",20.75,85.5
10,Bolangir,BJP,"19,516",20.3575202,83.27189643
11,Kalahandi,BJP,"26,814",19.75,83
12,Nabarangpur,BJD,"41,634",19.228896,82.5665715
13,Kandhamal,BJD,"1,49,216",20.13069385,84.07904761
14,Cuttack,BJD,"1,21,201",20.4686,85.8792
15,Kendrapara,BJD,"1,52,584",20.50040085,86.43170623
16,Jagatsinghpur,BJD,"2,71,655",20.2593872,86.1660878
17,Puri,BJD,"11,714",19.8076083,85.8252538
18,Bhubaneswar,BJP,"23,839",20.2667774,85.8435592
19,Aska,BJD,"2,04,707",19.60609,84.6724892
20,Berhampur,BJD,"94,844",21.49308515,86.63272983
21,Koraput,INC,"3,613",18.7232023,82.60811828
1,Puducherry,INC,"1,97,025",11.9340568,79.8306447
1,Gurdaspur,BJP,"82,459",31.9042299,75.22738141
2,Amritsar,INC,"99,626",31.6343083,74.8736788
3,Khadoor Sahib,INC,"1,40,573",31.4241739,75.0982026
4,Jalandhar,INC,"19,491",31.29201065,75.56805772
5,Hoshiarpur,BJP,"48,530",31.60857425,75.84644247
6,Anandpur Sahib,INC,"46,884",31.2346773,76.4973104
7,Ludhiana,INC,"76,372",30.9090157,75.851601
8,Fatehgarh Sahib,INC,"93,898",30.6600764,76.38002164
9,Faridkot,INC,"83,256",30.60092505,74.79477423
10,Ferozpur,Other,"1,98,850",30.598744,74.2032581
11,Bathinda,Other,"21,772",30.17911535,75.04710156
12,Sangrur,AAP,"1,10,211",30.2093363,75.81842243
13,Patiala,INC,"1,62,718",30.2090874,76.33987209
1,Ganganagar,BJP,"4,06,978",23.7497214,91.87663495
2,Bikaner,BJP,"2,64,081",28.0159286,73.3171367
3,Churu,BJP,"3,34,402",28.2061443,74.6919073
4,Jhunjhunu,BJP,"3,02,547",28.1287995,75.3992581
5,Sikar,BJP,"2,97,156",27.662826,75.02792629
6,Jaipur Rural,BJP,"3,93,171",26.916194,75.820349
7,Jaipur,BJP,"4,30,626",26.916194,75.820349
8,Alwar,BJP,"3,29,971",27.63907705,76.61445249
9,Bharatpur,BJP,"3,18,399",27.26521245,77.36912555
10,KarauliDholpur,BJP,"97,682",26.6966,77.8908
11,Dausa,BJP,"78,444",26.80486585,76.4437457
12,TonkSawai Madhopur,BJP,"1,11,291",25.983334,76.366669
13,Ajmer,BJP,"4,16,424",26.4691,74.639
14,Nagaur,Other,"1,81,260",27.0607859,74.17667538
15,Pali,BJP,"4,81,597",25.6040908,73.41560879
16,Jodhpur,BJP,"2,74,440",26.2967719,73.0351433
17,Barmer,BJP,"3,23,808",25.5819034,71.61966243
18,Jalore,BJP,"2,61,110",25.3476006,72.6260916
19,Udaipur,BJP,"4,37,914",24.578721,73.6862571
20,Banswara,BJP,"3,05,464",23.4930788,74.34840231
21,Chittorgarh,BJP,"5,76,247",24.718026,74.47214697
22,Rajsamand,BJP,"5,51,916",25.29131615,73.82449247
23,Bhilwara,BJP,"6,12,000",25.48877345,74.69961284
24,Kota,BJP,"2,79,677",25.1968256,76.00089331
25,JhalawarBaran,BJP,"4,53,928",25.1011,76.5132
1,Sikkim,Other,"12,433",27.601029,88.45413639
1,Thiruvallur,INC,"3,56,955",13.13014755,79.92435386
2,Chennai North,DMK,"4,61,518",13.0801721,80.2838331
3,Chennai South,DMK,"2,62,223",13.0801721,80.2838331
4,Chennai Central,DMK,"3,01,520",13.0801721,80.2838331
5,Sriperumbudur,DMK,"5,07,955",12.9201301,79.93910564
6,Kancheepuram,DMK,"2,86,632",12.87960515,79.70427615
7,Arakkonam,DMK,"3,28,956",13.0841402,79.6703816
8,Vellore,BJP,"43,211",12.7948109,79.0006411
9,Krishnagiri,INC,"1,56,765",12.5188835,78.2206536
10,Dharmapuri,DMK,"70,753",12.09680475,78.19304301
11,Tiruvannamalai,DMK,"3,04,187",12.22721295,79.07015555
12,Arani,INC,"2,30,806",12.68622945,79.29924436
13,Viluppuram,DMK,"1,28,068",11.9137874,79.50789298
14,Kallakurichi,DMK,"3,99,919",11.79468465,79.03882106
15,Salem,DMK,"1,46,926",11.6612012,78.1602498
16,Namakkal,DMK,"2,65,151",11.2191319,78.23739802
17,Erode,DMK,"2,10,618",11.3692044,77.67662687
18,Tiruppur,Other,"93,368",10.78322705,77.5260478
19,Nilgiris,DMK,"2,05,823",11.4,76.7
20,Coimbatore,Other,"1,79,143",11.0018115,76.9628425
21,Pollachi,DMK,"1,75,883",10.66942235,77.01017959
22,Dindigul,DMK,"5,38,972",10.3303299,78.06739791
23,Karur,INC,"4,20,546",10.9301522,78.08485455
24,Tiruchirappalli,INC,"4,59,286",10.804973,78.6870296
25,Perambalur,DMK,"4,03,518",11.2287716,78.81825555
26,Cuddalore,DMK,"1,43,983",11.74269375,79.75030644
27,Chidambaram,Other,"3,219",11.41018075,79.67222018
28,Mayiladuthurai,DMK,"2,61,314",11.1551822,79.62739426
29,Nagapattinam,Other,"2,11,353",10.8056276,79.82465978
30,Thanjavur,DMK,"3,68,129",10.7860267,79.1381497
31,Sivaganga,INC,"3,32,244",9.851231,78.53047155
32,Madurai,Other,"1,39,395",9.9261153,78.1140983
33,Theni,Other,"76,693",9.9696643,77.47420049
34,Virudhunagar,INC,"1,54,554",9.5208936,77.8784564
35,Ramanathapuram,Other,"1,27,122",9.3895523,78.85907072
36,Thoothukkudi,DMK,"3,47,209",8.7567452,78.07975266
37,Tenkasi,DMK,"1,20,286",9.09407535,77.4758369
38,Tirunelveli,DMK,"1,85,457",8.8082342,77.8114843
39,Kanyakumari,INC,"2,59,933",8.079252,77.5499338
1,Adilabad,BJP,"58,560",19.5,78.5
2,Peddapalli,TRS,"95,180",18.62065305,79.49501711
3,Karimnagar,BJP,"89,508",18.4346438,79.1322648
4,Nizamabad,BJP,"70,875",26.05531795,82.99313868
5,Zahirabad,TRS,"6,229",17.6758253,77.6106926
6,Medak,TRS,"3,16,427",17.9375095,78.21174499
7,Malkajgiri,INC,"10,919",17.4483438,78.5289727
8,Secunderabad,BJP,"62,114",17.4690889,78.5059176
9,Hyderabad,AIMM,"2,82,186",17.38878595,78.46106473
10,Chevella,TRS,"14,317",17.9376421,77.9117316
11,Mahbubnagar,TRS,"77,829",16.7434538,77.9923191
12,Nagarkurnool,TRS,"1,89,748",16.41576265,78.68304333
13,Nalgonda,INC,"25,682",16.8579636,79.21749353
14,Bhongir,INC,"5,219",17.5172789,78.8863383
15,Warangal,TRS,"3,50,298",17.9806094,79.5982115
16,Mahabubabad,TRS,"1,46,663",17.7138983,80.04134253
17,Khammam,TRS,"1,68,062",17.5,80.333333
1,Tripura West,BJP,"3,05,689",23.7750823,91.7025091
2,Tripura East,BJP,"2,04,290",23.7750823,91.7025091
1,Saharanpur,BSP,"22,417",29.9880774,77.50812995
2,Kairana,BJP,"92,160",29.4827179,77.19151993
3,Muzaffarnagar,BJP,"6,526",29.44800635,77.74068503
4,Bijnor,BSP,"69,941",29.40604895,78.4808784
5,Nagina,BSP,"1,66,832",29.538422,78.51514669
6,Moradabad,SP,"97,878",28.8638424,78.80577833
7,Rampur,SP,"1,09,997",28.79406825,79.18593045
8,Sambhal,SP,"1,74,826",28.61875255,78.55087405
9,Amroha,BSP,"63,248",28.9233969,78.48831693
10,Meerut,BJP,"4,729",28.916667,77.683333
11,Baghpat,BJP,"23,502",28.97240405,77.33315285
12,Ghaziabad,BJP,"5,01,500",28.711241,77.4445372
13,Gautam Buddh Nagar,BJP,"3,36,922",28.3383,77.6078
14,Bulandshahr,BJP,"2,90,057",28.38886085,77.97479773
15,Aligarh,BJP,"2,29,261",27.87698975,78.13729028
16,Hathras,BJP,"2,60,208",27.57324325,78.11173867
17,Mathura,BJP,"2,93,471",27.633333,77.583333
18,Agra,BJP,"2,11,546",27.1752554,78.0098161
19,Fatehpur Sikri,BJP,"4,95,065",27.0911655,77.6623984
20,Firozabad,BJP,"28,781",27.17736635,78.38991198
21,Mainpuri,SP,"94,389",27.2098219,79.04813701
22,Etah,BJP,"1,22,670",27.5541146,78.6007864
23,Badaun,BJP,"18,454",27.94225275,79.20666095
24,Aonla,BJP,"1,13,743",28.33552945,79.19123582
25,Bareilly,BJP,"1,67,282",28.457876,79.40557094
26,Pilibhit,BJP,"2,55,627",28.49520765,80.1075408
27,Shahjahanpur,BJP,"2,68,418",27.91263315,79.74656295
28,Kheri,BJP,"2,18,807",28.18478255,80.71293034
29,Dhaurahra,BJP,"1,60,611",27.3565,81.0354
30,Sitapur,BJP,"1,00,833",27.5046392,80.82946583
31,Hardoi,BJP,"1,32,474",27.33857665,80.09752646
32,Misrikh,BJP,"1,00,672",27.5340824,80.43897968
33,Unnao,BJP,"4,00,956",26.57550365,80.61376178
34,Mohanlalganj,BJP,"90,229",26.67277155,81.06942174
35,Lucknow,BJP,"3,47,302",26.8381,80.9346001
36,Rae Bareli,INC,"1,67,178",26.25,81.25
37,Amethi,BJP,"55,120",26.34738315,81.62387832
38,Sultanpur,BJP,"14,526",26.24251085,82.29616932
39,Pratapgarh,BJP,"1,17,752",25.75,81.75
40,Farrukhabad,BJP,"2,21,702",27.43719385,79.48912947
41,Etawah,BJP,"64,437",26.71832435,79.09025375
42,Kannauj,BJP,"12,353",26.9996974,79.68861213
43,Kanpur Urban,BJP,"1,55,934",12.9361708,77.6069588
44,Akbarpur,BJP,"2,75,142",26.42431065,82.56793417
45,Jalaun,BJP,"1,58,377",26.105546,79.42765265
46,Jhansi,BJP,"3,65,683",25.53103115,78.65268902
47,Hamirpur,BJP,"2,48,652",25.75,80
48,Banda,BJP,"58,938",25.5008211,80.499762
49,Fatehpur,BJP,"1,98,205",25.8435395,80.91800397
50,Kaushambi,BJP,"38,722",25.53609455,81.44672839
51,Phulpur,BJP,"1,71,968",26.03519585,82.79883384
52,Allahabad,BJP,"1,84,275",25.4381302,81.8338005
53,Barabanki,BJP,"1,10,140",26.93823105,81.38609761
54,Faizabad,BJP,"65,477",26.63807555,82.05902434
55,Ambedkar Nagar,BSP,"95,880",26.40349795,82.60728149
56,Bahraich,BJP,"1,28,752",27.7336958,81.47732128
57,Kaiserganj,BJP,"2,61,601",27.30058335,81.5592537
58,Shrawasti,BSP,"5,320",27.5035,82.0365
59,Gonda,BJP,"1,66,360",27.1096669,81.91832912
60,Domariyaganj,BJP,"1,05,321",27.19809475,82.67672526
61,Basti,BJP,"30,354",27.25,83
62,Sant Kabir Nagar,BJP,"35,749",26.7882737,82.9600798
63,Maharajganj,BJP,"3,40,424",27.09254225,83.56696261
64,Gorakhpur,BJP,"3,01,664",26.67132865,83.36458284
65,Kushi Nagar,BJP,"3,37,560",13.0002443,77.5599809
66,Deoria,BJP,"2,49,931",26.42384715,83.76273169
67,Bansgaon,BJP,"1,53,468",26.4975381,83.39557522
68,Lalganj,BSP,"1,61,597",25.7921635,82.9617336
69,Azamgarh,SP,"2,59,874",26.02269675,83.02887343
70,Ghosi,BSP,"1,22,568",26.1439582,83.48772165
71,Salempur,BJP,"1,12,477",26.27078945,83.91146962
72,Ballia,BJP,"15,519",25.87793255,84.11995931
73,Jaunpur,BSP,"80,936",25.7955927,82.48834098
74,Machhlishahr,BJP,181,25.66981435,82.33110923
75,Ghazipur,BSP,"1,19,392",25.6035084,83.50745405
76,Chandauli,BJP,"13,959",25.1265777,83.24965577
77,Varanasi,BJP,"4,79,505",25.3356491,83.0076292
78,Bhadohi,BJP,"43,615",25.42292275,82.48843708
79,Mirzapur,Other,"2,32,008",24.9356347,82.6477013
80,Robertsganj,Other,"54,336",24.5977192,83.16261863
1,Tehri Garhwal,BJP,"3,00,586",30.5,78.666667
2,Garhwal,BJP,"3,02,669",30.25,79.333333
3,Almora,BJP,"2,32,986",29.703095,79.43317023
4,NainitalUdhamsingh Nagar,BJP,"3,39,096",28.961,79.5154
5,Haridwar,BJP,"2,58,729",29.9384473,78.1452985
1,Cooch Behar,BJP,"54,231",26.3223696,89.4592445
2,Alipurduars,BJP,"2,43,989",26.4838,89.535
3,Jalpaiguri,BJP,"1,84,004",26.62648365,88.73407701
4,Darjeeling,BJP,"4,13,443",26.8349002,88.30714958
5,Raiganj,BJP,"60,574",25.6806539,88.12464576
6,Balurghat,BJP,"33,293",25.2634866,88.78900294
7,Maldaha Uttar,BJP,"84,288",25.1786,88.2461
8,Maldaha Dakshin,INC,"8,222",24.8431,87.9727
9,Jangipur,AITC,"2,45,782",24.4561534,88.1073968
10,Baharampur,INC,"80,696",24.0891652,88.2591686
11,Murshidabad,AITC,"2,26,417",24.1745993,88.2721335
12,Krishnanagar,AITC,"63,218",23.4058481,88.4958935
13,Ranaghat,BJP,"2,33,428",23.1738124,88.563677
14,Bangaon,BJP,"1,11,594",23.0429719,88.8313366
15,Barrackpur,BJP,"14,857",22.8702145,88.41960805
16,Dum Dum,AITC,"53,002",22.6211141,88.3928973
17,Barasat,AITC,"1,09,983",22.7176238,88.4889529
18,Basirhat,AITC,"3,50,369",22.6611962,88.8660215
19,Joynagar,AITC,"3,16,775",22.1037861,88.5714271
20,Mathurapur,AITC,"2,03,974",24.9261781,84.1771173
21,Diamond Harbour,AITC,"3,20,594",22.1910091,88.1904741
22,Jadavpur,AITC,"2,95,239",22.4951079,88.3749813
23,Kolkata Dakshin,AITC,"1,55,192",22.51856525,88.35261398
24,Kolkata Uttar,AITC,"1,27,095",28.660239,77.323984
25,Howrah,AITC,"1,03,695",22.5882216,88.323139
26,Uluberia,AITC,"2,15,359",22.4722227,88.0938448
27,Serampore,AITC,"98,536",22.7492962,88.3390279
28,Hooghly,BJP,"73,362",22.9052114,88.3760639
29,Arambagh,AITC,"1,142",22.876448,87.790956
30,Tamluk,AITC,"1,90,165",22.3028351,87.86746237
31,Kanthi,AITC,"1,11,668",21.7884623,87.7339077
32,Ghatal,AITC,"1,07,973",22.68097515,87.69902304
33,Jhargram,BJP,"11,767",22.3770636,87.04867177
34,Medinipur,BJP,"88,952",22.4207025,87.3269963
35,Purulia,BJP,"2,04,732",23.3711646,86.41893564
36,Bankura,BJP,"1,74,333",23.13195425,87.2073972
37,Bishnupur,BJP,"78,047",24.56246365,93.80124837
38,Bardhaman Purba,AITC,"89,311",23.244051,87.8689422
39,Bardhaman-Durgapur,BJP,"2,439",23.4916613,87.3181652
40,Asansol,BJP,"1,97,637",23.6871297,86.9746587
41,Bolpur,AITC,"1,06,402",23.661154,87.6962424
42,Birbhum,AITC,"88,924",24,87.583333
