Year,Company,share,country
2015,Facebook,69.01,USA
2015,Pinterest,18.56,USA
2015,Twitter,7.66,USA
2015,Instagram,0,USA
2015,Youtube,0.51,USA
2016,Facebook,65.26,USA
2016,Pinterest,23.26,USA
2016,Twitter,5.47,USA
2016,Instagram,2.33,USA
2016,Youtube,0.15,USA
2017,Facebook,75.82,USA
2017,Pinterest,15.88,USA
2017,Twitter,4.25,USA
2017,Instagram,1.23,USA
2017,Youtube,0.53,USA
2018,Facebook,51.98,USA
2018,Pinterest,35.03,USA
2018,Twitter,7.14,USA
2018,Instagram,1.57,USA
2018,Youtube,2.54,USA
2019,Facebook,50.67,USA
2019,Pinterest,19.18,USA
2019,Twitter,19.04,USA
2019,Instagram,8.8,USA
2019,Youtube,1.16,USA
2015,Facebook,93.37,India
2015,Twitter,2.34,India
2015,Pinterest,1.46,India
2015,Youtube,0.22,India
2015,Instagram,0,India
2016,Facebook,96.87,India
2016,Twitter,1.13,India
2016,Pinterest,1.05,India
2016,Youtube,0.05,India
2016,Instagram,0.18,India
2017,Facebook,85.02,India
2017,Twitter,1.21,India
2017,Pinterest,1.62,India
2017,Youtube,6.82,India
2017,Instagram,4.78,India
2018,Facebook,89.28,India
2018,Twitter,1.56,India
2018,Pinterest,2.68,India
2018,Youtube,3.58,India
2018,Instagram,2.54,India
2019,Facebook,82.53,India
2019,Twitter,1.79,India
2019,Pinterest,3.76,India
2019,Youtube,6.66,India
2019,Instagram,5.03,India
2015,Facebook,70.2,Japan
2015,Twitter,16.87,Japan
2015,Pinterest,4.37,Japan
2015,Youtube,0.29,Japan
2015,Instagram,0,Japan
2016,Facebook,67.8,Japan
2016,Twitter,10.16,Japan
2016,Pinterest,2.72,Japan
2016,Youtube,0.61,Japan
2016,Instagram,13.9,Japan
2017,Facebook,37.03,Japan
2017,Twitter,42.47,Japan
2017,Pinterest,7.65,Japan
2017,Youtube,6.73,Japan
2017,Instagram,3.11,Japan
2018,Facebook,31.61,Japan
2018,Twitter,32.17,Japan
2018,Pinterest,17.44,Japan
2018,Youtube,9.27,Japan
2018,Instagram,4.96,Japan
2019,Facebook,24.68,Japan
2019,Twitter,35.28,Japan
2019,Pinterest,25.22,Japan
2019,Youtube,7.42,Japan
2019,Instagram,5.58,Japan
2015,Facebook,55,China
2015,Pinterest,7.82,China
2015,Twitter,3.26,China
2015,Youku,0,China
2015,Youtube,0.36,China
2016,Facebook,32.52,China
2016,Pinterest,34.3,China
2016,Twitter,9.13,China
2016,Youku,1.74,China
2016,Youtube,0.82,China
2017,Facebook,38.74,China
2017,Pinterest,3.24,China
2017,Twitter,9.89,China
2017,Youku,40.34,China
2017,Youtube,2.71,China
2018,Facebook,17.13,China
2018,Pinterest,20.72,China
2018,Twitter,12.79,China
2018,Youku,34.33,China
2018,Youtube,5.08,China
2019,Facebook,7.42,China
2019,Pinterest,30.28,China
2019,Twitter,42.95,China
2019,Youku,7.73,China
2019,Youtube,5.52,China
2015,Facebook,82.84,Australia
2015,Pinterest,7.55,Australia
2015,Twitter,2.91,Australia
2015,Youtube,0.1,Australia
2015,Instagram,0,Australia
2016,Facebook,83.09,Australia
2016,Pinterest,8.84,Australia
2016,Twitter,2.28,Australia
2016,Youtube,0.06,Australia
2016,Instagram,1.08,Australia
2017,Facebook,75.32,Australia
2017,Pinterest,12.32,Australia
2017,Twitter,3.95,Australia
2017,Youtube,2.27,Australia
2017,Instagram,1.78,Australia
2018,Facebook,62.91,Australia
2018,Pinterest,20.13,Australia
2018,Twitter,6.78,Australia
2018,Youtube,2.43,Australia
2018,Instagram,2.26,Australia
2019,Facebook,52.04,Australia
2019,Pinterest,11.92,Australia
2019,Twitter,16.43,Australia
2019,Youtube,1.69,Australia
2019,Instagram,15.84,Australia
2015,Facebook,76.6,Germany
2015,Pinterest,6.85,Germany
2015,Twitter,5.53,Germany
2015,Youtube,0.5,Germany
2015,Instagram,0,Germany
2016,Facebook,67.7,Germany
2016,Pinterest,16.79,Germany
2016,Twitter,4.64,Germany
2016,Youtube,0.67,Germany
2016,Instagram,3.44,Germany
2017,Facebook,63.53,Germany
2017,Pinterest,17.46,Germany
2017,Twitter,3.43,Germany
2017,Youtube,6.63,Germany
2017,Instagram,4.45,Germany
2018,Facebook,59.86,Germany
2018,Pinterest,22.53,Germany
2018,Twitter,5.12,Germany
2018,Youtube,6.03,Germany
2018,Instagram,2.23,Germany
2019,Facebook,57.45,Germany
2019,Pinterest,19.53,Germany
2019,Twitter,9.08,Germany
2019,Youtube,3.94,Germany
2019,Instagram,8.05,Germany
